[
  {
    "id": "rest-001",
    "name": "Sotto Mare",
    "cuisine": "Italian Seafood",
    "rating": 4.7,
    "price_range": "$$",
    "distance_m": 450,
    "walking_time_min": 6,
    "description": "Casual Italian restaurant famous for cioppino and fresh seafood",
    "hours": "11:30 AM - 9:30 PM",
    "reservations": true,
    "dietary": ["pescatarian", "gluten-free-options"],
    "noise_level": "lively",
    "atmosphere": "casual"
  },
  {
    "id": "rest-002",
    "name": "Greens Restaurant",
    "cuisine": "Vegetarian",
    "rating": 4.6,
    "price_range": "$$$",
    "distance_m": 1800,
    "walking_time_min": 22,
    "description": "Upscale vegetarian dining with waterfront views",
    "hours": "12:00 PM - 8:00 PM",
    "reservations": true,
    "dietary": ["vegetarian", "vegan", "gluten-free"],
    "noise_level": "quiet",
    "atmosphere": "upscale"
  },
  {
    "id": "rest-003",
    "name": "Nari",
    "cuisine": "Thai",
    "rating": 4.8,
    "price_range": "$$$",
    "distance_m": 920,
    "walking_time_min": 12,
    "description": "Modern Thai cuisine in elegant setting",
    "hours": "5:30 PM - 10:00 PM (Dinner only)",
    "reservations": true,
    "dietary": ["gluten-free-options", "vegetarian-options"],
    "noise_level": "moderate",
    "atmosphere": "upscale"
  },
  {
    "id": "rest-004",
    "name": "Nopalito",
    "cuisine": "Mexican",
    "rating": 4.5,
    "price_range": "$$",
    "distance_m": 1100,
    "walking_time_min": 14,
    "description": "Organic Mexican food with sustainable ingredients",
    "hours": "11:00 AM - 10:00 PM",
    "reservations": false,
    "dietary": ["vegetarian", "vegan", "gluten-free"],
    "noise_level": "lively",
    "atmosphere": "casual"
  },
  {
    "id": "rest-005",
    "name": "Akiko's Restaurant",
    "cuisine": "Japanese Sushi",
    "rating": 4.9,
    "price_range": "$$$$",
    "distance_m": 680,
    "walking_time_min": 9,
    "description": "Omakase sushi experience, reservations essential",
    "hours": "6:00 PM - 10:00 PM (Dinner only, Closed Sun-Mon)",
    "reservations": true,
    "dietary": ["pescatarian", "gluten-free-options"],
    "noise_level": "quiet",
    "atmosphere": "intimate"
  },
  {
    "id": "rest-006",
    "name": "Golden Era Vegan",
    "cuisine": "Vietnamese Vegan",
    "rating": 4.4,
    "price_range": "$",
    "distance_m": 780,
    "walking_time_min": 10,
    "description": "Affordable vegan Vietnamese cuisine",
    "hours": "11:00 AM - 9:00 PM",
    "reservations": false,
    "dietary": ["vegan", "vegetarian"],
    "noise_level": "moderate",
    "atmosphere": "casual"
  }
]


